[
  {
    "internalOreName": "forestry:resources",
    "meta": 0,
    "overlay": "undergroundbiomes:blocks/overlays/custom/apatite",
    "oreDirectories": []
  },
  {
    "internalOreName": "forestry:resources",
    "meta": 1,
    "overlay": "undergroundbiomes:blocks/overlays/thermalfoundation/copper",
    "oreDirectories": []
  },
  {
    "internalOreName": "forestry:resources",
    "meta": 2,
    "overlay": "undergroundbiomes:blocks/overlays/thermalfoundation/tin",
    "oreDirectories": []
  }
]
