[
  {
    "internalOreName": "basemetals:antimony_ore",
    "meta": -1,
    "overlay": "undergroundbiomes:blocks/overlays/basemetals/antimony",
    "oreDirectories": []
  },
  {
    "internalOreName": "basemetals:bismuth_ore",
    "meta": -1,
    "overlay": "undergroundbiomes:blocks/overlays/basemetals/bismuth",
    "oreDirectories": []
  },
  {
    "internalOreName": "basemetals:copper_ore",
    "meta": -1,
    "overlay": "undergroundbiomes:blocks/overlays/thermalfoundation/copper",
    "oreDirectories": []
  },
  {
    "internalOreName": "basemetals:lead_ore",
    "meta": -1,
    "overlay": "undergroundbiomes:blocks/overlays/basemetals/lead",
    "oreDirectories": []
  },
  {
    "internalOreName": "basemetals:mercury_ore",
    "meta": -1,
    "overlay": "undergroundbiomes:blocks/overlays/basemetals/mercury",
    "oreDirectories": []
  },
  {
    "internalOreName": "basemetals:nickel_ore",
    "meta": -1,
    "overlay": "undergroundbiomes:blocks/overlays/basemetals/nickel",
    "oreDirectories": []
  },
  {
    "internalOreName": "basemetals:platinum_ore",
    "meta": -1,
    "overlay": "undergroundbiomes:blocks/overlays/basemetals/platinum",
    "oreDirectories": []
  },
  {
    "internalOreName": "basemetals:silver_ore",
    "meta": -1,
    "overlay": "undergroundbiomes:blocks/overlays/thermalfoundation/silver",
    "oreDirectories": []
  },
  {
    "internalOreName": "basemetals:tin_ore",
    "meta": -1,
    "overlay": "undergroundbiomes:blocks/overlays/basemetals/tin",
    "oreDirectories": []
  },
  {
    "internalOreName": "basemetals:zinc_ore",
    "meta": -1,
    "overlay": "undergroundbiomes:blocks/overlays/basemetals/zinc",
    "oreDirectories": []
  }
]
