[
  {
    "internalOreName": "immersiveengineering:ore",
    "meta": 0,
    "overlay": "undergroundbiomes:blocks/overlays/thermalfoundation/copper",
    "oreDirectories": []
  },
  {
    "internalOreName": "immersiveengineering:ore",
    "meta": 1,
    "overlay": "undergroundbiomes:blocks/overlays/thermalfoundation/aluminum",
    "oreDirectories": []
  },
  {
    "internalOreName": "immersiveengineering:ore",
    "meta": 2,
    "overlay": "undergroundbiomes:blocks/overlays/thermalfoundation/lead",
    "oreDirectories": []
  },
  {
    "internalOreName": "immersiveengineering:ore",
    "meta": 3,
    "overlay": "undergroundbiomes:blocks/overlays/thermalfoundation/silver",
    "oreDirectories": []
  },
  {
    "internalOreName": "immersiveengineering:ore",
    "meta": 4,
    "overlay": "undergroundbiomes:blocks/overlays/thermalfoundation/nickel",
    "oreDirectories": []
  },
  {
    "internalOreName": "immersiveengineering:ore",
    "meta": 5,
    "overlay": "undergroundbiomes:blocks/overlays/custom/uranium",
    "oreDirectories": []
  }
]
