{
    "images":
    {
        "title":
        {
            "image" : "custommainmenu:textures/gui/minecraft.png",
            "posX" : -137,
            "posY" : 30,
            "width" : 512,
            "height" : 512,
            "alignment" : "top_center"
        },
        
        "edition":
        {
            "image" : "custommainmenu:textures/gui/edition.png",
            "posX" : -49,
            "posY" : 67,
            "width" : 128,
            "height" : 16,
            "alignment" : "top_center"
        }
    },
    
    "buttons":
    {
        "singleplayer":
        {
            "text" : "menu.singleplayer",
            "posX" : -100,
            "posY" : 48,
            "width" : 200,
            "height" : 20,
            "action" : 
            {
                "type" : "openGui",
                "gui" : "singleplayer"
            }
        },
        
        "multiplayer":
        {
            "text" : "menu.multiplayer",
            "posX" : -100,
            "posY" : 72,
            "width" : 98,
            "height" : 20,
            "action" : 
            {
                "type" : "openGui",
                "gui" : "multiplayer"
            }
        },
        
		"Server":
        {
            "text" : "Server",
            "posX" : 2,
            "posY" : 72,
            "width" : 98,
            "height" : 20,
            "action" : 
            {
                "type" : "openLink",
                                "link" : "https://www.g-portal.com/?ref=debitor"
            }
        },
		
        "mods":
        {
            "text" : "fml.menu.mods",
            "posX" : -100,
            "posY" : 96,
            "width" : 200,
            "height" : 20,
            "action" : 
            {
                "type" : "openGui",
                "gui" : "mods"
            }
        },
            
        "options":
        {
            "text" : "menu.options",
            "posX" : -100,
            "posY" : 132,
            "width" : 98,
            "height" : 20,
            "action" : 
            {
                "type" : "openGui",
                "gui" : "options"
            }
        },
        
        "quit":
        {
            "text" : "menu.quit",
            "posX" : 2,
            "posY" : 132,
            "width" : 98,
            "height" : 20,
            "action" : 
            {
                "type" : "quit"
            }
        },
        
			"Youtube":
        {
            "text" : "Youtube Series",
            "posX" : -260,
            "posY" : -83,
            "width" : 98,
            "height" : 20,
            "action" : 
            {
                "type" : "openLink",
                                "link" : "https://www.youtube.com/playlist?list=PLc4H-uOaoHE_vhewUL7kq9exV2-yQkNzl"
            }
        },
	
        "refresh":
        {
            "text" : "",
            "posX" : -124,
            "posY" : 132,
            "width" : 20,
            "height" : 20,
            "texture" : "custommainmenu:textures/gui/buttons.png",
            "action" : 
            {
                "type" : "refresh"
            }
        }
    },
    
    "labels":
    {
        "mojang":
        {
            "text" : "Copyright Mojang AB. Do not distribute!",
            "hoverText" : "�nCopyright Mojang AB. Do not distribute!",
            "posX" : -197,
            "posY" : -10,
            "color" : -1,
            "alignment" : "bottom_right",
            "action" : 
            {
                "type" : "openGui",
                "gui" : "credits"
            }
        },
        
        "fml":
        {
            "text" : "",
            "posX" : 2,
            "posY" : -46,
            "color" : -1,
            "alignment" : "bottom_left"
        }
    },
    
    "other":
    {
        "splash-text":
        {
            "posX" : 130,
            "posY" : 70,
            "color" : -256,
            "alignment" : "top_center",
            "texts" : "file:minecraft:texts/splashes.txt"
        },
        
        "panorama":
        {
            "images" : "minecraft:textures/gui/title/background/panorama_%c.png",
            "animate" : true,
            "animationSpeed" : 1,
            "blur" : true,
            "gradient" : true
        }
    }
}